<?xml version="1.0" encoding="UTF-8"?>
<project-private xmlns="http://www.netbeans.org/ns/project-private/1">
    <editor-bookmarks xmlns="http://www.netbeans.org/ns/editor-bookmarks/2" lastBookmarkId="0"/>
    <open-files xmlns="http://www.netbeans.org/ns/projectui-open-files/2">
        <group>
            <file>file:/C:/Users/st294_1018/Documents/NetBeansProjects/JavaApplication3/src/javaapplication3/Student.java</file>
            <file>file:/C:/Users/st294_1018/Documents/NetBeansProjects/JavaApplication3/src/javaapplication3/JavaApplication3.java</file>
            <file>file:/C:/Users/st294_1018/Documents/NetBeansProjects/JavaApplication3/src/javaapplication3/ArrayStudent.java</file>
            <file>file:/C:/Users/st294_1018/Documents/NetBeansProjects/JavaApplication3/src/javaapplication3/StudentList.java</file>
        </group>
    </open-files>
</project-private>
